№ п/п;"№ Відділення ТОВ ""ЕПС""";Адреса;Партнер
1;1;03127, м.Київ, Голосіївський район, Голосіївський проспект, 132, приміщення 38;EPS
2;1010001;61000, Харківська обл., місто Харків, Немишлянський район, ПРОСПЕКТ МОСКОВСЬКИЙ, будинок 247А;delivery
3;1010002;81097, Львівська обл., Яворівський район, село Підрясне, ВУЛИЦЯ ЄВРОПЕЙСЬКА , будинок 13;delivery
4;1010003;49000, Дніпропетровська обл., місто Дніпро, Індустріальний район, ВУЛИЦЯ ДНІПРОСТАЛІВСЬКА, будинок 5;delivery
5;1010004;14000, Чернігівська обл., місто Чернігів, Деснянський район, ВУЛИЦЯ ШИРОКА, будинок 1А;delivery
6;1010005;01004, м.Київ, Шевченківський район, ВУЛИЦЯ ВЕЛИКА ВАСИЛЬКІВСЬКА, будинок 15/2;delivery
7;1010006;65001, Одеська обл., місто Одеса, Суворовський район, ВУЛИЦЯ ЧОРНОМОРСЬКОГО КОЗАЦТВА, будинок 80;delivery
8;1010007;36000, Полтавська обл., місто Полтава, Київський район, ВУЛ. ПОЛОВКА, будинок 68;delivery
9;1010008;85301, Донецька обл., місто Покровськ, ВУЛИЦЯ ШМІДТА, будинок 202;delivery
10;1010009;87500, Донецька обл., м.Маріуполь, Центральний р-н., Запорізьке шосе, 1;delivery
11;1010010;93405, Луганська обл., м.Сєвєродонецьк,  вул.Федоренка,10;delivery
12;1010011;61000, Харківська обл., місто Харків, Московський район, ВУЛИЦЯ ЯКІРА, будинок 131;delivery
13;1010012;10029, Житомирська обл., м.Житомир, Богунський р-н., вул.Малинська, 4;delivery
14;1010013;76007, Івано-Франківська обл., місто Івано-Франківськ, ВУЛИЦЯ САГАЙДАЧНОГО, будинок 48Д;delivery
15;1010014;32307, Хмельницька обл., Кам`янець-Подільський район, село Кам`янка, ВУЛИЦЯ ВОКЗАЛЬНА, будинок 2/8;delivery
16;1010015;73009, Херсонська обл., місто Херсон, Суворовський район, ПРОСПЕКТ АДМІРАЛА СЕНЯВІНА, будинок 27;delivery
17;1010016;43005, Волинська обл., місто Луцьк, ВУЛИЦЯ КАРБИШЕВА, будинок 2;delivery
18;1010017;33009, Рівненська обл., місто Рівне, ПРОВУЛОК РОБІТНИЧИЙ, будинок 5;delivery
19;1010018;03026, м.Київ, Голосіївський район, ВУЛИЦЯ ПИРОГІВСЬКИЙ ШЛЯХ, будинок 135;delivery
20;1010020;09117, Київська обл., місто Біла Церква, ВУЛИЦЯ УЗИНСЬКА, будинок 5;delivery
21;1010021;07403, Київська обл., місто Бровари, ВУЛИЦЯ КРАСОВСЬКОГО, будинок 16;delivery
22;1010022;85700, Донецька обл., Волноваський район, місто Волноваха, ВУЛИЦЯ УКРАЇНСЬКА, будинок 36;delivery
23;1010023;50000, Дніпропетровська обл., місто Кривий Ріг, Довгинцівський район, ВУЛИЦЯ ОТТО БРОЗОВСЬКОГО, будинок 85;delivery
24;1010024;18006, Черкаська обл., місто Черкаси, Придніпровський район, ВУЛИЦЯ ГОГОЛЯ, будинок 582;delivery
25;1010026;69014, Запорізька обл., м.Запоріжжя, Шевченківський р-н., вул.Карпенка-Карого, 54;delivery
26;1010027;39610, Полтавська обл., місто Кременчук, Крюківський район, ПРОСПЕКТ СВОБОДИ, будинок 172;delivery
27;1010028;54034, Миколаївська обл., м.Миколаїв, Інгульський р-н., вул.Авангардна, 6/8;delivery
28;1010029;85102, Донецька обл., місто Костянтинівка, ПЛОЩА ПЕРЕМОГИ, будинок 3;delivery
29;1010030;84333, Донецька обл., місто Краматорськ, ВУЛИЦЯ АРХИПА КУЇНДЖІ, будинок 5;delivery
30;1010031;67806, Одеська обл., Овідіопольський район, селище міського типу Авангард, ВУЛИЦЯ БАЗОВА, будинок 20;delivery
31;1010032;61054, Харківська обл., м.Харків, Московський р-н., вул.Василя Стуса, 6;delivery
32;1010033;61172, Харківська обл., місто Харків, Індустріальний район, ВУЛИЦЯ РОГАНСЬКА, будинок 147;delivery
33;1010034;29016, Хмельницька обл., місто Хмельницький, ВУЛИЦЯ ГЕОЛОГІВ, будинок 8;delivery
34;1010035;21034, Вінницька обл., місто Вінниця, ВУЛИЦЯ Ватутіна, будинок 137;delivery
35;1010036;58007, Чернівецька обл., місто Чернівці, Садгірський район, ВУЛИЦЯ КОЛОМИЙСЬКА, будинок 13Б;delivery
36;1010037;46400, Тернопільська обл., місто Тернопіль, ВУЛИЦЯ ПОДІЛЬСЬКА, будинок 38-А;delivery
37;1010038;79035, Львівська обл., місто Львів, Сихівський район, ВУЛИЦЯ БУЗКОВА, будинок 2;delivery
38;1010039;88006, Закарпатська обл., місто Ужгород, ВУЛИЦЯ ПРОЕКТНА, будинок 1А;delivery
39;1010040;44702, Волинська обл., місто Володимир-Волинський, ВУЛИЦЯ 20 ЛИПНЯ, будинок 8А;delivery
40;1010041;45005, Волинська обл., місто Ковель, ВУЛИЦЯ ВАТУТІНА, будинок 59;delivery
41;1010043;03134, м.Київ, Святошинський р-н., вул.Симиренка, 36;delivery
42;1010044;02099, м.Київ, Дарницький район, ВУЛИЦЯ БОРИСПІЛЬСЬКА, будинок 9;delivery
43;1010045;93003, Луганська обл., місто Рубіжне, ВУЛИЦЯ ПОМЕРАНЧУКА, будинок 13-А;delivery
44;1010047;49101, Дніпропетровська обл., місто Дніпро, Центральний район, ВУЛИЦЯ ВОЛОДИМИРА АНТОНОВИЧА, будинок 33;delivery
45;1010048;49033, Дніпропетровська обл., місто Дніпро, Чечелівський район, ВУЛИЦЯ КРАСНОПІЛЬСЬКА, будинок 23А;delivery
46;1010049;40007, Сумська обл., місто Суми, Зарічний район, ВУЛИЦЯ ЛІНІЙНА, будинок 15;delivery
47;1010050;67806, Одеська обл., Овідіопольський район, селище міського типу Авангард, ВУЛИЦЯ БАЗОВА, будинок 11;delivery
48;1010051;18036, Черкаська обл., місто Черкаси, Соснівський район, ВУЛИЦЯ 14-ГО ГРУДНЯ, будинок 6/1;delivery
49;1010053;72312, Запорізька обл., місто Мелітополь, ВУЛИЦЯ ІНТЕРКУЛЬТУРНА, будинок 21/1;delivery
50;1010054;69057, Запорізька обл., місто Запоріжжя, Вознесенівський район, ВУЛИЦЯ ОЛЕКСАНДРА МАТРОСОВА, будинок 15;delivery
51;1010055;84507, Донецька обл., місто Бахмут, ВУЛИЦЯ МІЧУРІНА, будинок 1-А;delivery
52;1010056;84122, Донецька обл., місто Слов`янськ, ВУЛИЦЯ ПОШТОВА, будинок 81;delivery
53;1010057;61040, Харківська обл., місто Харків, Холодногірський район, ВУЛИЦЯ ВЕЛИКА ПАНАСІВСЬКА, будинок 185;delivery
54;1010058;11707, Житомирська обл., місто Новоград-Волинський, ВУЛИЦЯ ШЕВЧЕНКА, будинок 54;delivery
55;1010059;29026, Хмельницька обл., місто Хмельницький, ВУЛИЦЯ ПІЛОТСЬКА, будинок 77/6;delivery
56;1010060;33005, Рівненська обл., місто Рівне, ВУЛИЦЯ БОЯРКА , будинок 28;delivery
57;1010061;81400, Львівська обл., місто Самбір, ВУЛИЦЯ ШЕВЧЕНКА, будинок 52/9;delivery
58;1010062;33027, Рівненська обл., місто Рівне, ВУЛИЦЯ Київська, будинок 98;delivery
59;1010063;43023, Волинська обл., місто Луцьк, ВУЛИЦЯ ЄРШОВА, будинок 11;delivery
60;1010064;02081, м.Київ, Дарницький район, ВУЛИЦЯ ПРИЧАЛЬНА, будинок 5-А;delivery
61;1010065;45201, Волинська обл., Ківерцівський район, м.Ківерці, ВУЛИЦЯ ЧКАЛОВА, будинок 61;delivery
62;1010066;04074, м.Київ, Оболонський район, ВУЛИЦЯ КОНОПЛЯНСЬКА, будинок 12;delivery
63;1010067;42001, Сумська обл., місто Ромни, ВУЛИЦЯ ГОРЬКОГО, будинок 67;delivery
64;1010068;49019, Дніпропетровська обл., місто Дніпро, Ленінський район, ВУЛИЦЯ КВІТКИ-ОСНОВ`ЯНЕНКО, будинок 5;delivery
65;1010069;43018, Волинська обл., місто Луцьк, ВУЛИЦЯ ПОТЕБНІ, будинок 71;delivery
66;1010070;67704, Одеська обл., місто Білгород-Дністровський, ВУЛИЦЯ ГАГАРІНА, будинок 33;delivery
67;1010071;30501, Хмельницька обл., Полонський район, місто Полонне, ВУЛИЦЯ ДЕСЯТИННА, будинок 36;delivery
68;1010072;71108, Запорізька обл., місто Бердянськ, ВУЛИЦЯ ПРАВДИ, будинок 80;delivery
69;1010073;64602, Харківська обл., місто Лозова, ПРОВУЛОК СЕВАСТОПОЛЬСЬКИЙ, будинок 2Б;delivery
70;1010074;17503, Чернігівська обл., місто Прилуки, ВУЛИЦЯ КОЗАЧА, будинок 56;delivery
71;1010075;34503, Рівненська обл., Сарненський район, місто Сарни, ВУЛИЦЯ ТКАЧА, будинок 12;delivery
72;1010076;45403, Волинська обл., місто Нововолинськ, ВУЛИЦЯ ПРОМИСЛОВА, будинок 67;delivery
73;1010077;44301, Волинська обл., Любомльський район, місто Любомль, ВУЛИЦЯ 1 ТРАВНЯ, будинок 127;delivery
74;1010078;36020, Полтавська обл., місто Полтава, Октябрський район, ВУЛИЦЯ СОБОРНОСТІ, будинок 28/13;delivery
75;1010079;41100, Сумська обл., місто Шостка, ВУЛИЦЯ САДОВИЙ БУЛЬВАР, будинок 36А;delivery
76;1010080;74900, Херсонська обл., місто Нова Каховка, вул.Заводська, 2-Н;delivery
77;1010081;74800, Херсонська обл., місто Каховка, ВУЛИЦЯ МЕЛІТОПІЛЬСЬКА, будинок 83;delivery
78;1010082;34400, Рівненська обл., місто Вараш, ВУЛИЦЯ ЛІСОВА, будинок 1;delivery
79;1010083;46003, Тернопільська обл., місто Тернопіль, ВУЛИЦЯ БРОДІВСЬКА, будинок 44;delivery
80;1010084;87515, Донецька обл., місто Маріуполь, Центральний район, ВУЛИЦЯ ІТАЛІЙСЬКА, будинок 40;delivery
81;1010085;35000, Рівненська обл., Костопільський район, місто Костопіль, ВУЛИЦЯ ДРУЖБИ, будинок 2;delivery
82;1010086;08700, Київська обл., місто Обухів, ВУЛИЦЯ ЖОВТНЕВА, будинок 174;delivery
83;1010087;53208, Дніпропетровська обл., місто Нікополь, ВУЛИЦЯ КООПЕРАТИВНА, будинок 5;delivery
84;1010088;45008, Волинська обл., місто Ковель, ВУЛИЦЯ Незалежності, будинок 166-А;delivery
85;1010090;20301, Черкаська обл., місто Умань, ВУЛИЦЯ ІНДУСТРІАЛЬНА, будинок 14А;delivery
86;1010091;44101, Волинська обл., Ратнівський район, селище міського типу Ратне, ВУЛИЦЯ 1-ГО ТРАВНЯ, будинок 34;delivery
87;1010092;89611, Закарпатська обл., місто Мукачево, ВУЛИЦЯ АКАДЕМІКА МОРОЗОВА, будинок 20;delivery
88;1010093;31202, Хмельницька обл., Волочиський район, місто Волочиськ, ВУЛИЦЯ ОЛЕКСАНДРА ДОВЖЕНКА, будинок 2-Ж;delivery
89;1010094;25015, Кіровоградська обл., м.Кропивницький, Подільський р-н., вул. Євгена Маланюка, 11-А;delivery
90;1010095;55001, Миколаївська обл., місто Южноукраїнськ, ВУЛИЦЯ ДРУЖБИ НАРОДІВ, будинок 5/5;delivery
91;1010096;93600, Луганська обл., Станично-Луганський район, селище міського типу Станиця Луганська, ВУЛИЦЯ БУКАЄВА, будинок 53;delivery
92;1010097;71701, Запорізька обл., місто Токмак, ВУЛИЦЯ КАРЛА ЛІБКНЕХТА, будинок 103;delivery
93;1010098;69089, Запорізька обл., місто Запоріжжя, Дніпровський район, ВУЛИЦЯ ІСТОМІНА, будинок 6;delivery
94;1010099;16610, Чернігівська обл., місто Ніжин, ВУЛИЦЯ ГЕНЕРАЛА КОРЧАГІНА, будинок 2;delivery
95;1010100;41600, Сумська обл., місто Конотоп, ВУЛИЦЯ САДОВА, будинок 16;delivery
96;1010101;39801, Полтавська обл., місто Горішні Плавні, ВУЛИЦЯ СТРОНА, будинок 1;delivery
97;1010102;23100, Вінницька обл., місто Жмеринка, ВУЛИЦЯ КИЇВСЬКА, будинок 18;delivery
98;1010103;56501, Миколаївська обл., місто Вознесенськ, ВУЛИЦЯ СОБОРНОСТІ, будинок 13;delivery
99;1010104;92905, Луганська обл., Кремінський район, місто Кремінна, ПРОВУЛОК ПІЩАНИЙ, будинок 10;delivery
100;1010105;41400, Сумська обл., місто Глухів, ВУЛИЦЯ ТЕРЕЩЕНКІВ, будинок 55;delivery
101;1010106;75500, Херсонська обл., Генічеський район, місто Генічеськ, ПРОСПЕКТ МИРУ, будинок 109-Б;delivery
102;1010107;08601, Київська обл., місто Васильків, ВУЛИЦЯ ГОГОЛЯ, будинок 5-А;delivery
103;1010108;80109, Львівська обл., місто Червоноград, ВУЛИЦЯ БОГДАНА ХМЕЛЬНИЦЬКОГО, будинок 61;delivery
104;1010110;08304, Київська обл., місто Бориспіль, ВУЛИЦЯ ГОЛОВАТОГО, будинок 83;delivery
105;1010111;03026, м.Київ, Голосіївський район, ВУЛИЦЯ ПИРОГОВСЬКИЙ ШЛЯХ, будинок 135;delivery
106;1010113;62302, Харківська обл., Дергачівський район, місто Дергачі, ВУЛИЦЯ СУМСЬКИЙ ШЛЯХ, будинок 158;delivery
107;1010114;62416, Харківська обл., Харківський район, селище міського типу Пісочин, ВУЛИЦЯ ПОЛТАВСЬКЕ ШОСЕ, будинок 157-А;delivery
108;1010115;69006, Запорізька обл., м.Запоріжжя, Дніпровський р-н., вул.Портова, 2;delivery
109;1010116;39600, Полтавська обл., місто Кременчук, Крюківський район, ВУЛИЦЯ ІГОРЯ СЕРДЮКА, будинок 47;delivery
110;1010117;38200, Полтавська обл., Семенівський район, селище міського типу Семенівка, ВУЛИЦЯ ПЕРЕМОГИ, будинок 7;delivery
111;1010118;69002, Запорізька обл., м.Запоріжжя, Комунарський р-н., вул.Космічна, 121;delivery
112;1010119;61124, Харківська обл., місто Харків, Слобідський район, ВУЛИЦЯ ОЛЕКСАНДРА МАТРОСОВА, будинок 20;delivery
113;1010120;82106, Львівська обл., місто Дрогобич, ВУЛИЦЯ ВОЛОДИМИРА ВЕЛИКОГО, будинок 66-1;delivery
114;1010121;25014, Кіровоградська обл., м.Кропивницький, Фортечний р-н., Oлeгa Паршутіна, 28;delivery
115;1010122;03124, м.Київ, Солом`янський район, ВУЛИЦЯ РАДИЩЕВА, будинок 12-16;delivery
116;1010123;38100, Полтавська обл., Зіньківський район, місто Зіньків, ВУЛИЦЯ ВОЗДВИЖЕНСЬКА, будинок 1-К;delivery
117;1010124;43020, Волинська обл., місто Луцьк, ВУЛИЦЯ РІВНЕНСЬКА, будинок 76-А;delivery
118;1010126;55210, Миколаївська обл., місто Первомайськ, ВУЛИЦЯ ВОЗНЕСЕНСЬКА, будинок 52-Б;delivery
119;1010127;77001, Івано-Франківська обл., Рогатинський район, місто Рогатин, ВУЛИЦЯ ГАЛИЦЬКА, будинок 86;delivery
120;1010128;48101, Тернопільська обл., Теребовлянський район, місто Теребовля, ВУЛИЦЯ КНЯЗЯ ВАСИЛЬКА, будинок 107;delivery
121;1010129;65075, Одеська обл., місто Одеса, Малиновський район, ВУЛИЦЯ МОТОРНА, будинок 8/К1;delivery
122;1010130;24400, Вінницька обл., Бершадський р-н., м.Бершадь, вул.Юрія Коваленка, 19;delivery
123;1010131;84404, Донецька обл., місто Лиман, ВУЛИЦЯ ПРИВОКЗАЛЬНА, будинок 35-А;delivery
124;1010132;23700, Вінницька обл., Гайсинський район, місто Гайсин, ВУЛИЦЯ МЕХАНІЗАТОРІВ, будинок 15-А;delivery
125;1010133;03151, м.Київ, Солом`янський район, ПРОСПЕКТ ПОВІТРОФЛОТСЬКИЙ, будинок 64;delivery
126;1010134;21037, Вінницька обл., м.Вінниця, Сабарівське шосе, 4-А;delivery
127;1010135;85612, Донецька обл., Мар’їнський р-н., м.Курахове, вул.Грушева, 9/1;delivery
128;1010136;02218, м.Київ, Дніпровський район, БУЛЬВАР ПЕРОВА, будинок 19-А;delivery
129;1010137;49041, Дніпропетровська обл., місто Дніпро, Соборний район, ПРОСПЕКТ ПРАЦІ, будинок 2-А;delivery
130;1010138;85323, Донецька обл., місто Мирноград, ВУЛИЦЯ ЦЕНТРАЛЬНА, будинок 18;delivery
131;1010139;35063, Рівненська обл., місто Дубно, ВУЛИЦЯ СТЕФАНИКА, будинок 6;delivery
132;1010141;77304, Івано-Франківська обл., м.Калуш, вул.Каракая, 24;delivery
133;1010142;41300, Сумська обл., Кролевецький район, місто Кролевець, ВУЛИЦЯ ГЕРОЇВ КРУТ, будинок 15;delivery
134;1010143;66101, Одеська обл, м.Балта, вул.Садова, 11;delivery
135;1010144;75700, Херсонська обл., Скадовський р-н., м.Скадовськ, вул.В`ячеслава Чорновола, 103;delivery
136;1010145;89427, Закарпатська обл., Ужгородський р-н., с.Минай, вул. Патруса Карпатського, 13-А;delivery
137;1010146;89427, Тернопільська обл., м.Бережани, вул. Привокзальна, 1;delivery
138;1010147;82200, Львівська обл., Дрогобицький р-н., м.Трускавець, вул.Мазепи, 42-Б;delivery
139;1010148;86060, Донецька обл., місто Авдіївка, ПРОСПЕКТ ІНДУСТРІАЛЬНИЙ, будинок 1;delivery
140;1010149;64102, Харківська обл., місто Первомайський, 1/2 МІКРОРАЙОН, будинок 55;delivery
141;1010150;02222, м.Київ, Деснянський район, ВУЛИЦЯ ЕЛЕКТРОТЕХНІЧНА, будинок 43-А;delivery
142;1010151;04119, м.Київ, Шевченківський район, ВУЛИЦЯ СІМ`Ї ХОХЛОВИХ, будинок 11/2;delivery
143;1010152;33027, Рівненська обл., м.Рівне, ВУЛИЦЯ Данила Галицького, будинок 27;delivery
144;1010153;20202, Черкаська обл, Звенигородський р-н., м.Звенигородка, вул.В’ячеслава Липинського, 27;delivery
145;1010154;68610, Одеська обл, м.Ізмаїл, вул.Шевченка, 120;delivery
146;1010155;73008, Херсонська обл., м.Херсон, Дніпровський р-н., вул.Ладичука, 150;delivery
147;1010156;51205, Дніпропетровська обл., м.Новомосковськ, вул.Спаська,16;delivery
148;1010157;37503, Полтавська обл., м.Лубни, проспект Вoлодимирський, 94-А;delivery
149;1010158;41500, Сумська обл., Путивльський р-н., м.Путивль, вул.Кузнечна, 28;delivery
150;1010159;70608, Запорізька обл., Пологівський р-н., м.Пологи, вул.Шевченка, 6;delivery
151;1010160;93106, Луганська обл., м.Лисичанськ, вул. Володимира Сосюри, 131-Б;delivery
152;1010161;58015, Чернівецька обл., м.Чернівці, вул. Калинівська, 13-В;delivery
153;1010162;08298, Київська обл., смт.Коцюбинське, вул. Пономарьова, 17;delivery
154;1010163;27500, Кіровоградська обл., м.Світловодськ, вул. Приморська, 38-А;delivery
155;1010164;37300, Полтавська обл., м.Гадяч, вул. Лесі Українки, 1-А;delivery
156;1010166;65101, Одеська обл., м.Одеса, Київський р-н., проспект Небесної Сотні, 4-7;delivery
157;1010167;58023, Чернівецька обл., м.Чернівці, вул. Олени Пчілки, 10;delivery
158;1010168;11501, Житомирська обл., Коростенський р-н., м.Коростень, вул. Шевченка, 2;delivery
159;1010169;54052, Миколаївська обл., м.Миколаїв, Корабельний р-н., вул.Доктора Самойловича, 35;delivery
160;1010172;42600, Сумська обл., м.Тростянець, вул.Благовіщенська, 58-А;delivery
161;1010173;63702, Харківська обл., м.Куп`янськ, вул.Сватівська, 56;delivery
162;1010176;67633, Одеська обл., Одеський р-н., с.Латівка, вул.Живахова гора, 1;delivery
163;1010177;30002, Хмельницька обл., Шепетівський р-н., м.Славута, вул.Миру, 104;delivery
164;1010178;28000, Кіровоградська обл., м.Олександрія, вул.Діброви, 16;delivery
165;1010179;28000, Волинська обл., Горохівський р-н., м.Горохів, вул.Козацька,23;delivery
166;1010180;69063, Запорізька обл., м.Запоріжжя, Комунарський р-н., вул.Сергія Серікова, 30;delivery
167;2150001;01001, м.Київ, Печерський р-н., вул.Хрещатик, 15/4;sirykav
168;1010181;61052, Харківська обл., м.Харків, Новобаварський р-н., вул.Мала Гончарівська 17;delivery
169;1010182;09113, Київська обл., м.Біла Церква, вул.Матросова 48-А;delivery
170;1010183;32401, Хмельницька обл., Дунаєвецький р-н., м.Дунаївці, вул.Шевченка, 115/11;delivery
171;1010184;90300, Закарпатська обл., Виноградівський р-н., м.Виноградів, вул.Вакарова, 20;delivery
172;1010185;90433, Закарпатська обл., Тячівський р-н., м.Тячів, вул.Незалежності, 205;delivery
173;1010186;01042, м.Київ, Печерський р-н., Новопечерський провулок, 5;delivery
174;1010187;35500, Рівненська обл., Радивилівський р-н., м.Радивилів, вул.Кременецька, 26;delivery
175;1010188;51404, Дніпропетровська обл., м.Павлоград, вул.Дніпровська, 49;delivery
176;1010190;20300, Черкаська обл., м.Умань, вул.Тищика, 4;delivery
177;1010191;37200, Полтавська обл., Лохвицький р-н., м.Лохвиця, вул.Перемоги, 11;delivery
178;1010192;14001, Чернігівська обл., м.Чернігів, Новозаводський р-н., вул.Івана Мазепи, 63;delivery
179;1010194;56101, Миколаївська обл., Баштанський р-н., м.Баштанка, вул.Театральна, 3;delivery
180;1010195;52700, Дніпропетровська обл., Петропавлівський р-н., смт.Петропавлівка, вул.Соборна, 121;delivery
181;1010196;92704, Луганська обл., Старобільський р-н., м.Старобільськ, вул.Георгія Лангемака, 76-А;delivery
182;1010197;30100, Хмельницька обл., м.Нетішин, вул.Шевченка, 26;delivery
183;1010198;23600, Вінницька обл., Тульчинський р-н., м.Тульчин, вул.Петра Захарова, 36;delivery
184;1010199;63460, Харківська обл., Зміївський р-н., смт.Слобожанське, Балаклійське шосе, 8;delivery
185;1010201;16500, Чернігівська обл., Бахмацький р-н., м.Бахмач, вул.Богомольця, 2;delivery
186;1010202;39000, Полтавська  обл., Глобинський р-н., м. Глобине, вул. Виноградна, 3-А;delivery
187;1010204;64305, Харківська  обл.,  м.Ізюм, вул.Гостинна, 2;delivery
188;1010205;51909, Дніпропетровська  обл., м.Кам`янське, провулок Цегляний, 19;delivery
189;1010206;29025, Хмельницька  обл., м.Хмельницький, вул.Курчатова 117-А;delivery
190;1010207;51206, Дніпропетровська  обл., м.Новомосковськ, вул.Микити Головка , 12;delivery
191;1010208;36008, Полтавська  обл., м.Полтава, Шевченківський р-н., вул.Комарова, 5;delivery
192;1010209;68001, Одеська  обл., м.Чорноморськ, вул.Транспортна, 14;delivery
193;1010210;44000, Волинська  обл., Шацький р-н., м.Шацьк, вул.50 років Перемоги, 6;delivery
194;1010211;61001, Харківська обл., м.Харків, Слобідський р-н., вул.Польова, 83;delivery
195;1010212;22000, Вінницька обл., м. Хмільник, вул.Монастирська, 8-А;delivery
196;1010213;78208, Івано-Франківська обл., м.Коломия, вул.Симоненка, 1-Г;delivery
197;1010214;07101, Київська обл., м.Славутич, вул.Чернігівська, 10;delivery
198;1010215;49098, Дніпропетровська обл., м.Дніпро, Амур-Нижньодніпровський р-н., вул.Любарського, 159;delivery
199;1010217;37000, Полтавська обл., Пирятинський р-н., м.Пирятин, вул.Ярмаркова, 28;delivery
200;1010218;66302, Одеська обл., м.Подільськ, вул.Успенська, 14-А;delivery
201;1010219;55213, Миколаївська обл., м.Первомайськ, вул.Вокзальна, 34;delivery
202;1010220;73034, Херсонська обл., м.Херсон, Корабельний р-н., вул.Робоча, 82-А;delivery
203;1010221;78103, Івано-Франківська обл., Городенківський р-н.,м.Городенка, вул.Затишна, 36;delivery
204;1010223;84511, Донецька обл., м.Бахмут, вул.Різдвяна, 27;delivery
205;1010224;08001, Київська обл., Макарівський р-н., м.Макарів, вул.Гагаріна, 8;delivery
206;1010225;70504, Запорізька обл., Оріхівський р-н., м.Оріхів, вул.Марії Сокіл, 28;delivery
207;1010226;61000, Харківська обл., м.Харків, Холодногірський р-н., вул.Кононенка, ряд 21-А, місце 7;delivery
208;1010227;13306, Житомирська обл., Бердичівський р-н., м.Бердичів, вул.Привокзальна, 3;delivery
209;1010228;Вінницька обл., Ямпільський р-н. м.Ямпіль, вулиця Богдана Хмельницького, 44/84;delivery
210;1010229;08623, Київська обл., Фастівський  р-н., смт.Калинівка, вул.Залізнична, 164;delivery
211;1010230;53407, Дніпропетровська обл., Нікопольський р-н., м.Марганець, вул.Кленова, 12-А;delivery
212;1010232;37600, Полтавська обл., Миргородський р-н., м.Миргород, вул.Данила Апостола, 38;delivery
213;1010233;14013, Чернігівська обл., м.Чернігів, Деснянський р-н., вул.Любомира Боднарука, 28;delivery
214;1010234;68702, Одеська обл., Болградський р-н., м.Болград, проспект Соборний, 108;delivery
215;1010235;67400, Одеська обл., Роздільнянський р-н., м.Роздільна, вул.Європейська, 52;delivery
216;1010236;12501, Житомирська обл., Житомирський  р-н., м.Коростишів, вул.Героїв небесної сотні, 68;delivery
217;1010237;84331, Донецька обл., м.Краматорськ, вул.Ювілейна, 70;delivery
218;1010238;81300, Львівська обл., Мостиський р-н., м.Мостиська, вул.Зелена 7-А;delivery
219;1010239;81100, Львівська обл., Пустомитівський р-н., м.Пустомити, вул.Грушевського, 92;delivery
220;1010240;38500, Полтавська обл., Диканський р-н., смт.Диканька, вул.Незалежності, 58/1;delivery
221;1010241;68200, Одеська обл., Саратський р-н., смт.Сарата, вул.Чкалова, 50/1;delivery
222;1010242;62400, Харківська обл., Харківський р-н., м.Мерефа, вул.Дніпропетровська, 185-З;delivery
223;1010243;80400, Львівська обл., Львівський р-н.,  м.Кам`янка-Бузька, вул.Генерала Чупринки, 15;delivery
224;1010244;80700, Львівська обл., Золочівський р-н., м.Золочів, вул.Труша, 2-А;delivery
225;1010245;84205, Донецька обл., м. Дружківка, вул. Чайковського, 12;delivery
226;1010246;30405, Хмельницька обл., Шепетівський р-н., м.Шепетівка, вул.Героїв Небесної Сотні, 78;delivery
227;1010247;80383,  Львівська обл., Львівський р-н., с.Малехів, вул. ім.Тараса Козака, 20;delivery
228;1010248;35312, Рівненська обл., Рівненський р-н., смт.Клевань, вул.Залізнична, 4-Г;delivery
229;1010249;50019, Дніпропетровська обл., Кам`янський р-н., м.Жовті Води, вул.Заводська, 1/1;delivery
230;1010251;65074, Одеська обл., м.Одеса, Малиновський р-н., вул.Шота Руставелі, 7;delivery
231;1010252;73485, Херсонська обл., м.Херсон, Дніпровський р-н., провулок Янтарний, 1;delivery
232;1010253;84122, Донецька обл., м.Слов`янськ, вул.Центральна, 65;delivery
233;1010254;11104, Житомирська обл., Коростенський р-н., м.Овруч, вул.Рєпкіна, 14;delivery
234;1010255;82300, Львівська обл., Дрогобицький р-н., м.Борислав, вул.Дрогобицька,7;delivery
235;1010256;66401, Одеська обл., Ананьївський р-н., м.Ананьїв, вул.Нищинського, 1;delivery
236;1010257;92801, Луганська обл., Старобільський р-н., смт.Біловодськ, вул.Центральна, 206-А;delivery
237;1010259;22100, Вінницька обл., м.Козятин, вул.Пилипа Орлика, 12;delivery
238;1010260;09801, Київська обл., Білоцерківський р-н., м.Тетіїв, вул.Центральна, 47;delivery
239;1010261;75600, Херсонська обл., Скадовський р-н., м.Гола Пристань, вул.1-го Травня, 29-А;delivery
240;1010262;48601, Тернопільська обл., Чортківський -р-н., м.Заліщики, вул.Стефаника, 26;delivery
241;1010263;81070, Львівська обл., Яворівський -р-н., м.Івано-Франкове, вул.Львівська, 55;delivery
242;1010264;78601, Івано-Франківська обл., Косівський р-н., м.Косів, вул.Грушевського, 1;delivery
243;1010265;12701, Житомирська обл., Новоград-Волинський р-н., м.Баранівка, вул.Першотравнева, 17;delivery
244;1010266;34600, Рівненська обл., Рівненський -р-н., м.Березне, вул.Зірненська, 24/287;delivery
245;1010268;85001, Донецька обл., Покровський р-н., м.Добропілля, вул.Фестивальна, 5;delivery
246;1010269;85670, Донецька обл., Волноваський р-н., м.Вугледар, вул.Шахтарська,3;delivery
247;1010270;92603, Луганська обл., Сватівський р-н., м.Сватове, вул.Дружби, 12;delivery
248;1010271;21036, Вінницька обл., м.Вінниця, вул.Максимовича, 33;delivery
249;1010272;63503, Харківська обл, Чугуївський р-н., м.Чугуїв, вул.Жадановського,13;delivery
250;1010273;08500, Київська обл., Фастівський р-н., м.Фастів, вул.Київська, 34;delivery
251;1010274;50019, Дніпропетровська обл., м.Кривий Ріг, Центрально-Міський р-н., вул.Купріна, 116-Д;delivery
252;1010275;53304, Дніпропетровська обл., Нікопольський р-н., м.Покров, вул.Чехова, 2;delivery
253;1010276;68803, Одеська обл., Ізмаїльський р-н. м.Рені, вул.Спортивна, 11-А;delivery
254;1010277;42400, Сумська обл., Сумський р-н., смт.Краснопілля, вул.Вокзальна, 46;delivery
255;1010278;52400, Дніпропетровська обл., Дніпровський р-н. смт.Солоне, вул.Гагаріна, 29-А;delivery
256;1010279;49064, Дніпропетровська обл., м.Дніпро, Новокодацький р-н., вул.Мічуріна, 4;delivery
257;1010280;55601, Миколаївська обл., Баштанський р-н.  м.Новий Буг, вул.Грушевського, 20;delivery
258;1010281;19101, Черкаська обл., Уманський р-н., м.Монастирище, вул.Дружби, 36;delivery
259;1010282;78701, Івано-Франківська обл., Верховинський р-н., смт.Верховина, вул.Гуцульського повстання, 13;delivery
260;1010283;90100, Закарпатська обл., Хустський р-н., м.Іршава, вул.Федорова, 29/2;delivery
261;1010284;65005, Одеська обл., м.Одеса, Малиновський р-н., вул.Бугаївська, 41-А;delivery
262;1010285;24321, Вінницька обл., Гайсинський р-н., м.Ладижин, вул.Піонерська, 29;delivery
263;1010286;35705, Рівненська обл., Рівненський р-н., м.Здолбунів, вул.Пушкіна, 1;delivery
264;1010287;37800, Полтавська обл., Лубенський р-н., м.Хорол, вул.Шевченка, 34;delivery
265;1010288;38400, Полтавська обл., Полтавський р-н., м.Решетилівка, вул.Полтавська, 2;delivery
266;1010289;60200, Чернівецька обл., Дністровський р-н., м.Сокиряни, вул.Коцюбинського, 4;delivery
267;1010290;08400, Київська обл., Бориспільський р-н., м.Переяслав,  вул.Героїв Дніпра, ЗЗ;delivery
268;1010292;90400, Закарпатська обл., Хустський р-н., м.Хуст, вул.Гвардійська, 122-124;delivery
269;1010293;03134, м.Київ, Святошинський р-н., вул.Якутська, 8;delivery
270;1010294;59300, Чернівецька обл., Чернівецький р-н.,  м.Кіцмань, вул.Незалежності, 65-А;delivery
271;1010295;50089, Дніпропетровська обл., м.Кривий Ріг, Тернівський р-н., вул.Адмірала Головка, 40;delivery
272;1010296;68100, Одеська обл., Білгород-Дністровський р-н., м.Татарбунари, вул.23-го серпня, 21;delivery
273;1010297;63202 Харківська обл., Харківський р-н. смт.Нова Водолага, вул.Гагаріна, 12;delivery
274;1010298;61000, Харківська обл., м.Харків, Холодногірський р-н., вул.Кононенка, магазин 15-П;delivery
275;1010300;60236, Чернівецька обл., Дністровський р-н., м.Новодністровськ, вул.5-тий квартал, 3;delivery
276;1010301;44601, Волинська обл., Камінь-Каширський р-н. смт.Маневичі, вул.Луцька,1;delivery
277;1010302;39630, Полтавська обл., м.Кременчук, Крюківський р-н., вул.Велика Набережна, 51;delivery
278;1010303;65482, Одеська обл., Одеський р-н., м.Южне, вул.Центральна, 28;delivery
279;1010304;08130, Київська обл., Бучанський р-н., с.Петропавлівська Борщагівка, вул.Велика Кільцева 4-А;delivery
280;1010305;67663, Одеська обл., Одеський р-н., с.Усатове, вул.Грушевського, 114;delivery
281;1010306;26300 Кіровоградська обл., Голованівський р-н. м.Гайворон, вул.Василя Стуса, 3-І;delivery
282;1010307;31100, Хмельницька обл., Хмельницький р-н., м.Старокостянтинів, вул.Миру 1/155;delivery
283;1010308;07416, Київська обл., Броварський р-н., с.Погреби, вул.Шевченка, 1;delivery
284;1010309;22800, Вінницька обл., Вінницький р-н., м.Немирів, вул.Соборна, 206;delivery
285;1010310;08151, Київська обл., Фастівський р-н., м.Боярка, вул.Маяковського, 49;delivery
286;1010311;59200, Чернівецька обл., Чернівецький р-н., м.Вижниця, вул.Українська, 89-Б;delivery
287;1010312;67450, Одеська обл., Роздільнянський р-н., с.Кучурган, вул.Павла Каплуна, 73;delivery
288;1010313;81500, Львівська обл., Львівський р-н., м.Городок, вул.Джерельна, 16;delivery
289;1010314;76005, Івано-Франківська обл., м.Івано-Франківськ, вул. Петлюри, 7-Б;delivery
290;1010315;85107, Донецька обл., Краматорський р-н., м.Костянтинівка, вул.Мирошниченко, 37;delivery
291;1010316;10002, Житомирська обл., м.Житомир, Корольовський р-н.,  Смолянський майдан, 3;delivery
292;1010317;67582, Одеська обл., м.Одеса, Суворовський р-н., 19-й км Старокиївської дороги, 4;delivery
293;1010318;54028, Миколаївська обл., м.Миколаїв, Інгульський р-н., вул.Новозаводська, 23;delivery
294;1010319;39201, Полтавська обл., Полтавський р-н., м.Кобеляки, площа Перемоги, 2-Б;delivery
295;1010320;75201, Херсонська обл., Каховський р-н., смт.Чаплинка, вул.Каланчацька, 1-А;delivery
296;1010321;22700, Вінницька обл., Вінницький р-н., м.Іллінці, вул.Європейська, 74-Е;delivery
297;1010322;62489, Харківська обл., Харківський р-н., смт.Безлюдівка, вул.Зміївська, 62;delivery
298;1010323;08205, Київська обл., Бучанський р-н., м.Ірпінь, вул.Озерна, 3;delivery
299;1010324;24000, Вінницька обл., м.Могилів-Подільський,  проспект Героїв, 57-37;delivery
300;1010326;42706, Сумська обл., Охтирський р-н. м.Охтирка, вул.Сумська, 8;delivery
301;1010327;54025, Миколаївська обл., м.Миколаїв, Центральний р-н., вул.Героїв України, 113-Б;delivery
302;1010328;71601, Запорізька обл., Василівський р-н., м.Василівка, вул.Ліхачова, 2/6;delivery
303;1010329;52900, Дніпропетровська обл., Синельниківський р-н., смт.Межова, вул.Заводська, 136;delivery
304;1010330;52500, Дніпропетровська обл., Синельниківський р-н., м.Синельникове, вул.Шевченка, 27-А;delivery
305;1010332;19502, Черкаська обл., Черкаський р-н., смт.Городище, вул.Миру, 107;delivery
306;1010333;20801, Черкаська обл., Черкаський р-н.,  м.Кам`янка, вул.Героїв Майдану, 19;delivery
307;1010334;59000, Чернівецька обл., Чернівецький р-н. м.Сторожинець, вул.Яремчука, 21;delivery
308;1010335;62203, Харківська обл., Богодухівський р-н., смт.Золочів, вул.Центральна, 27-А;delivery
309;1010336;48505, Тернопільська обл., Чортківський р-н., м.Чортків, вул.Степана  Бандери, 60-А;delivery
310;1010337;27406, Кіровоградська обл.,Кропивницький р-н., м.Знам’янка, вул.Привокзальна, 10-Д;delivery
311;1010338;79039, Львівська обл., м.Львів, Шевченківський р-н., вул.Шевченка, 120;delivery
312;1010339;02088, м.Київ, Дарницький р-н.,вул.Першого Травня, 1-А;delivery
313;1010341;21007, Вінницька обл., м.Вінниця, вул.Академіка Янгеля, 4;delivery
314;1010342;61010, Харківська обл., м.Харків, Основ’янський р-н., вул.Греківська, 25;delivery
315;1010343;79071, Львівська обл., м.Львів, Залізничний р-н., вул.Щирецька, 36;delivery
316;1010344;79004, Львівська обл., м.Львів, Франківський р-н., вул.Стрийська, 108;delivery
317;1010345;81600, Львівська обл., Стрийський р-н., м.Миколаїв, вул.Болоня, 40;delivery
318;1010346;08325, Київська обл., Бориспільський р-н., с.Щасливе, вул.Перспективна, 17;delivery
319;1010349;45101, Волинська обл., Луцький р-н., м.Рожище, вул.Героїв УПА, 41;delivery
320;1010350;56002, Миколаївська обл., Баштанський р-н., смт.Казанка, вул.Миру, 189-Д;delivery
321;1010351;78405, Івано-Франківська обл., Надвірнянський р-н., м.Надвірна, вул.Мазепи, 35-А;delivery
322;1010352;49127, Дніпропетровська обл., м.Дніпро, Самарський р-н., вул.Автопаркова, 5;delivery
323;1010353;09001, Київська обл., Білоцерківський р-н., м.Сквира, вул.Київська, 34;delivery
324;1010354;61201, Харківська обл., м.Харків, Шевченківський р-н., вул.Клочківська, 370;delivery
325;1100001;01004, м.Київ, Печерський район, ВУЛИЦЯ БАСЕЙНА, будинок 6;dk_trend
326;1330002;49098, Дніпропетровська обл., місто Дніпро, Амур-Нижньодніпровський район, ВУЛИЦЯ МАЛИНОВСЬКОГО, будинок 8;justin
327;1330004;02217, м.Київ, Деснянський район, ВУЛИЦЯ ДРАЙЗЕРА, будинок 8;justin
328;1330005;18001, Черкаська обл., м.Черкаси, Придніпровський р-н., бульвар Шевченка, 207;justin
329;1330007;04073, м.Київ, Оболонський район, ВУЛИЦЯ СЕМЕНА СКЛЯРЕНКА, будинок 17;justin
330;1330011;03026, м.Київ, Голосіївський район, ВУЛИЦЯ АКАДЕМІКА ЗАБОЛОТНОГО, будинок 37;justin
331;1330012;04073, м.Київ, Оболонський район, ПРОСПЕКТ СТЕПАНА БАНДЕРИ, будинок 23;justin
332;1330015;65122, Одеська обл., місто Одеса, Київський район, ВУЛИЦЯ АКАДЕМІКА ВІЛЬЯМСА, будинок 75;justin
333;1330017;61204, Харківська обл., місто Харків, Шевченківський район, ПРОСПЕКТ ЛЮДВІГА СВОБОДИ, будинок 30;justin
334;1330018;61121, Харківська обл., місто Харків, Московський район, ПРОСПЕКТ ТРАКТОРОБУДІВНИКІВ, будинок 130;justin
335;1330019;61168, Харківська обл., місто Харків, Київський район, ВУЛИЦЯ ГЕРОЇВ ПРАЦІ, будинок 9;justin
336;1330020;04159, м.Київ, Оболонський р-н, вул.Сім`ї Кульженків, 33, секція 2, приміщення 5-Б;justin
337;1330021;03039, м.Київ, Голосіївський р-н.,  вул. Голосіївська, 7;justin
338;1330023;03148, м.Київ, Святошинський р-н., проспект Академіка Корольова, 3;justin
339;1330024;01042, м.Київ, Печерський район, ВУЛИЦЯ АКАДЕМІКА ФІЛАТОВА, будинок 7;justin
340;1330027;02097, м.Київ, Деснянський район, ВУЛИЦЯ МИЛОСЛАВСЬКА, будинок 10-А;justin
341;1330028;02232, м.Київ, Деснянський район, ПРОСПЕКТ ВОЛОДИМИРА МАЯКОВСЬКОГО, будинок 75/2;justin
342;1330029;03150, м.Київ, Голосіївський район, ВУЛИЦЯ КАЗИМИРА МАЛЕВИЧА, будинок 107;justin
343;1330031;31100, Хмельницька обл., Хмельницький р-н., м.Старокостянтинів,  вул.Острозького, 6/1;justin
344;1330036;82106, Львівська обл., місто Дрогобич, ВУЛИЦЯ ВОЛОДИМИРА ВЕЛИКОГО, будинок 7;justin
345;1330039;61001, Харківська обл., місто Харків, Слобідський район, ВУЛИЦЯ МОЛОЧНА, будинок 1;justin
346;1330040;61118, Харківська обл., місто Харків, Московський район, ПРОСПЕКТ ТРАКТОРОБУДІВНИКІВ, будинок 108;justin
347;1330041;61144, Харківська обл., місто Харків, Московський район, ВУЛИЦЯ ГЕРОЇВ ПРАЦІ, будинок 15;justin
348;1330042;49055, Дніпропетровська обл., місто Дніпро, Чечелівський район, ВУЛИЦЯ НОВОКРИМСЬКА, будинок 3-А;justin
349;1330043;49099, Дніпропетровська обл., місто Дніпро, Новокодацький район, ВУЛИЦЯ ЮРІЯ КОНДРАТЮКА, будинок 4;justin
350;1330044;49000, Дніпропетровська обл., місто Дніпро, Шевченківський район, ВУЛИЦЯ ЄВРОПЕЙСЬКА, будинок 18-А;justin
351;1330047;07800, Київська обл., Бородянський район, селище міського типу Бородянка, ВУЛИЦЯ ЦЕНТРАЛЬНА, будинок 343;justin
352;1330050;43026, Волинська обл., місто Луцьк, ВУЛИЦЯ КРАВЧУКА, будинок 23;justin
353;1330052;76006, Івано-Франківська обл.,  м.Івано-Франківськ,  вул.Василя Стуса, 5;justin
354;1330053;02154, м.Київ, Дніпровський район, ВУЛИЦЯ ЕНТУЗІАСТІВ, будинок 7;justin
355;1330057;80700, Львівська обл., м.Золочів,  площа Вічева, 1;justin
356;1330058;20001, Черкаська обл., Христинівський р-н., м.Христинівка, вул.Шевченка, 52;justin
357;1330063;08136, Київська обл., Києво-Святошинський район, село Крюківщина, ВУЛИЦЯ ЖУЛЯНСЬКА, будинок 1-А;justin
358;1330065;03143, м.Київ, Голосіївський район, ВУЛИЦЯ МЕТРОЛОГІЧНА, будинок 14-Б;justin
359;1330068;65111, Одеська обл., місто Одеса, Суворовський район, ВУЛИЦЯ ГЕНЕРАЛА БОЧАРОВА, будинок 13-А;justin
360;1330069;46023, Тернопільська обл., місто Тернопіль, ВУЛИЦЯ 15-ГО КВІТНЯ, будинок 5-А;justin
361;1330071;04107, м.Київ, Шевченківський район, ВУЛИЦЯ ТАТАРСЬКА, будинок 3/2;justin
362;1330072;03134, м.Київ, Святошинський район, ВУЛИЦЯ БУЛГАКОВА, будинок 11;justin
363;1330073;08631, Київська обл., Васильківський район, селище міського типу Глеваха, ВУЛИЦЯ ВОКЗАЛЬНА, будинок 18-А;justin
364;1330080;88018, Закарпатська обл., місто Ужгород, ВУЛИЦЯ ГЕНЕРАЛА СВОБОДИ, будинок 9-Б;justin
365;1330082;40000, Сумська обл., місто Суми, Ковпаківський район, ВУЛИЦЯ КООПЕРАТИВНА, будинок 1;justin
366;1330084;07363, Київська обл., Вишгородський район, село Хотянівка, ВУЛИЦЯ ВАЛОВА, будинок 2-В;justin
367;1330085;61204, Харківська обл., місто Харків, Шевченківський район, ПРОСПЕКТ ПЕРЕМОГИ, будинок 64;justin
368;1330086;61183, Харківська обл., місто Харків, Київський район, ВУЛИЦЯ ДРУЖБИ НАРОДІВ, будинок 279-А;justin
369;1330087;61096, Харківська обл., місто Харків, Слобідський район, ПРОСПЕКТ ГЕРОЇВ СТАЛІНГРАДУ, будинок 171;justin
370;1330091;04123, м.Київ, Подільський район, ВУЛИЦЯ ЗАПАДИНСЬКА, будинок 15;justin
371;1330093;04210, м.Київ, Оболонський район, ВУЛИЦЯ МАРШАЛА МАЛИНОВСЬКОГО, будинок 34;justin
372;1330096;16600, Чернігівська обл., м.Ніжин, вул. Шевченка, 21-А;justin
373;1330097;18007, Черкаська обл., місто Черкаси, Придніпровський район, ВУЛИЦЯ НАДПІЛЬНА, будинок 411;justin
374;1330098;65009, Одеська обл., місто Одеса, Київський район, ВУЛИЦЯ ФОНТАНСЬКА ДОРОГА, будинок 17/19;justin
375;1330099;39631, Полтавська обл., місто Кременчук, Автозаводський район, ВУЛИЦЯ КИЇВСЬКА, будинок 66-Г;justin
376;1330107;07354, Київська обл., Вишгородський район, село Нові Петрівці, ВУЛИЦЯ СВЯТО-ПОКРОВСЬКА, будинок 222;justin
377;1330118;58032, Чернівецька обл., місто Чернівці, ВУЛИЦЯ ГОЛОВНА, будинок 265-А;justin
378;1330121;54055, Миколаївська обл., місто Миколаїв, Центральний район, ВУЛИЦЯ ЧКАЛОВА, будинок 82;justin
379;1330128;69013, Запорізька обл., місто Запоріжжя, Шевченківський район, ВУЛИЦЯ БАЗОВА, будинок 11;justin
380;1330132;87549, Донецька обл., місто Маріуполь, Центральний район, ПРОСПЕКТ МЕТАЛУРГІВ, будинок 112;justin
381;1330133;61176, Харківська обл., місто Харків, Немишлянський район, ВУЛИЦЯ КРАСНОДАРСЬКА, будинок 181-А;justin
382;1330135;07352, Київська обл., Вишгородський район, село Лютіж, ВУЛИЦЯ ВИЗВОЛИТЕЛІВ, будинок 56-А;justin
383;1330136;02160, м.Київ, Дніпровський р-н., вул.Березнева, 12, приміщення 460;justin
384;1330138;14014, Чернігівська обл., місто Чернігів, Деснянський район, ВУЛИЦЯ МУЗИЧНА, будинок 1;justin
385;1330141;22000, Вінницька обл., місто Хмільник, ПРОСПЕКТ СВОБОДИ, будинок 1;justin
386;1330143;03126, м.Київ, Солом`янський район, БУЛЬВАР ГАВЕЛА ВАЦЛАВА, будинок 54/26;justin
387;1330144;65123, Одеська обл., місто Одеса, Суворовський район, ВУЛИЦЯ СЕМЕНА ПАЛІЯ, будинок 93-А;justin
388;1330145;65058, Одеська обл., місто Одеса, Приморський район, ВУЛИЦЯ ДОВЖЕНКА, будинок 4;justin
389;1330146;02072, м.Київ, Дарницький р-н., вул.Бориса Гмирі, 5-А;justin
390;1330147;02140, м.Київ, Дарницький район, ПРОСПЕКТ МИКОЛИ БАЖАНА, будинок 30;justin
391;1330148;02192, м.Київ, Дніпровський район, ВУЛИЦЯ БОЙЧЕНКА ОЛЕКСАНДРА, будинок 7;justin
392;1330149;46020, Тернопільська обл., місто Тернопіль, ВУЛИЦЯ ТЕКСТИЛЬНА, будинок 28-Ч;justin
393;1330151;76019, Івано-Франківська обл., місто Івано-Франківськ, БУЛЬВАР ПІВНІЧНИЙ ІМ. ПУШКІНА, будинок 2-А;justin
394;1330153;02218, м.Київ, Дніпровський район, БУЛЬВАР ПЕРОВА, будинок 23-Б;justin
395;1330155;07401, Київська обл., місто Бровари, ВУЛИЦЯ ШЕВЧЕНКО, будинок 10-В;justin
396;1330156;02222, м.Київ, Деснянський район, ВУЛИЦЯ ОНОРЕ ДЕ БАЛЬЗАКА, будинок 42/20;justin
397;1330158;02232, м.Київ, Деснянський район, ВУЛИЦЯ МИКОЛИ ЗАКРЕВСЬКОГО, будинок 87;justin
398;1330162;02166, м.Київ, Деснянський район, ВУЛИЦЯ КУРЧАТОВА, будинок 5;justin
399;1330163;02092, м.Київ, Дніпровський район, ВУЛИЦЯ МАРГАНЕЦЬКА, будинок 22;justin
400;1330164;02125, м.Київ, Дніпровський район, ВУЛИЦЯ ПЕТРА ЗАПОРОЖЦЯ, будинок 21;justin
401;1330167;04215, м.Київ, Подільський р-н., проспект Свободи, 26-Б;justin
402;1330168;04208, м.Київ, Подільський район, ПРОСПЕКТ ПРАВДИ, будинок 66;justin
403;1330173;18006, Черкаська обл., місто Черкаси, Придніпровський район, ВУЛИЦЯ ГОГОЛЯ, будинок 582;justin
404;1330175;37600, Полтавська обл., місто Миргород, ВУЛИЦЯ ГОГОЛЯ, будинок 98/6;justin
405;1330178;23700, Вінницька обл., м.Гайсин, вул.1-го Травня, 75;justin
406;1330181;39600, Полтавська обл., місто Кременчук, Автозаводський район, ВУЛИЦЯ ОЛЕКСАНДРА ХАЛАМЕНЮКА, будинок 7;justin
407;1330182;61123, Харківська обл., місто Харків, Московський район, ВУЛИЦЯ ГВАРДІЙЦІВ-ШИРОНІНЦІВ, будинок 42;justin
408;1330185;08500, Київська обл., місто Фастів, ВУЛИЦЯ ІВАНА СТУПАКА, будинок 4;justin
409;1330186;04214, м.Київ, Оболонський район, ВУЛИЦЯ ПІВНІЧНА, будинок 6-В;justin
410;1330187;02160, м.Київ, Дніпровський р-н., ХАРКІВСЬКЕ ШОСЕ, будинок 8;justin
411;1330188;08720, Київська обл., Обухівський р-н., м.Українка, вул.Юності  26;justin
412;1330190;02097, м.Київ, Деснянський район, ВУЛИЦЯ ОНОРЕ ДЕ БАЛЬЗАКА, будинок 94;justin
413;1330192;03058, м.Київ, Солом`янський район, ВУЛИЦЯ БОРЩАГІВСЬКА, будинок 212;justin
414;1330193;03126, м.Київ, Солом`янський район, ВУЛИЦЯ АКАДЕМІКА БІЛЕЦЬКОГО, будинок 3;justin
415;1330194;36002, Полтавська обл., м.Полтава, Шевченківський р-н.,  вул. Європейська, 66;justin
416;1330198;02081, м.Київ, Дарницький район, ВУЛИЦЯ ЗДОЛБУНІВСЬКА, будинок 4;justin
417;1330199;04208, м.Київ, Подільський район, ПРОСПЕКТ ПРАВДИ, будинок 58;justin
418;1330200;03148, м.Київ, Святошинський район, ВУЛИЦЯ ЯКУБА КОЛАСА, будинок 25;justin
419;1330203;65101, Одеська обл., місто Одеса, Київський район, ПРОСПЕКТ НЕБЕСНОЇ СОТНІ, будинок 5-А;justin
420;1330208;49081, Дніпропетровська обл.,  м.Дніпро, Індустріальний р-н., проспект Слобожанський, 13;justin
421;1330214;87505, Донецька обл., місто Маріуполь, Лівобережний район, ВУЛИЦЯ ТАГАНРОЗЬКА, будинок 5;justin
422;1330222;08322, Київська обл., Бориспільський район, село Проліски, ВУЛИЦЯ БРОВАРСЬКА, будинок 2А;justin
423;1330226;36004, Полтавська обл., місто Полтава, Подільський район, ПРОСПЕКТ МИРУ, будинок 30-А;justin
424;1330227;87500, Донецька обл., місто Маріуполь, Лівобережний район, ВУЛИЦЯ КИЇВСЬКА, будинок 27/1;justin
425;1330232;02166, м.Київ, Деснянський район, ПРОСПЕКТ ЛІСОВИЙ, будинок 23;justin
426;1330234;08140, Київська обл., Києво-Святошинський район, село Білогородка, ВУЛИЦЯ ВОЛОДИМИРСЬКА, будинок 35/1;justin
427;1330235;02098, м.Київ, Дарницький район, ВУЛИЦЯ ДНІПРОВСЬКА НАБЕРЕЖНА, будинок 33;justin
428;1330236;61029, Харківська обл., місто Харків, Київський район, ПРОСПЕКТ ТРАКТОРОБУДІВНИКІВ, будинок 59/56;justin
429;1330239;93120, Луганська обл., місто Лисичанськ, ПРОСПЕКТ ПЕРЕМОГИ, будинок 86;justin
430;1330240;93411, Луганська обл., місто Сєвєродонецьк, ПРОСПЕКТ ГВАРДІЙСЬКИЙ, будинок 46;justin
431;1330241;49038, Дніпропетровська обл., місто Дніпро, Центральний район, ПЛОЩА ВОКЗАЛЬНА, будинок 13;justin
432;1330244;04201, м.Київ, Оболонський район, ПРОСПЕКТ МІНСЬКИЙ, будинок 4;justin
433;1330246;02068, м.Київ, Дарницький район, ВУЛИЦЯ РЕВУЦЬКОГО, будинок 26;justin
434;1330248;08205, Київська обл., місто Ірпінь, ВУЛИЦЯ НОВО-ОСКОЛЬСЬКА, будинок 2-О;justin
435;1330251;61193, Харківська обл., м.Харків, Київський р-н.,  вул. Проспектна, 52;justin
436;1330253;08132, Київська обл., Києво-Святошинський район, місто Вишневе, ВУЛИЦЯ ВІТЯНСЬКА, будинок 2;justin
437;1330254;08130, Київська обл., Києво-Святошинський район, село Петропавлівська Борщагівка, ВУЛИЦЯ САДОВА, будинок 1-Г;justin
438;1330255;40009, Сумська обл., м.Суми, Ковпаківський р-н., вул. Іллінська, 7-А;justin
439;1330258;46000, Тернопільська обл., місто Тернопіль, ВУЛИЦЯ ПОЛІСЬКА, будинок 14;justin
440;1330259;79007, Львівська обл., м.Львів, Галицький р-н.,  вул.Котлярська, 2;justin
441;1330260;58002, Чернівецька обл., м.Чернівці, вул.Головна, 57;justin
442;1330263;65016, Одеська обл., м.Одеса, Приморський р-н.,  вул.Каманіна, 16-А/2;justin
443;1330264;50027, Дніпропетровська обл., місто Кривий Ріг, Металургійний район, ВУЛИЦЯ ГЕРОЇВ АТО, будинок 30-А;justin
444;1330265;14030, Чернігівська обл., місто Чернігів, Деснянський район, ВУЛИЦЯ ЗАХИСНИКІВ УКРАЇНИ, будинок 9;justin
445;1330266;18024, Черкаська обл., місто Черкаси, Соснівський район, ВУЛИЦЯ СУМГАЇТСЬКА, будинок 24;justin
446;1330268;02152, м.Київ, Дніпровський район, ВУЛИЦЯ ПАВЛА ТИЧИНИ, будинок 15-А;justin
447;1330270;65080, Одеська обл., місто Одеса, Київський район, ВУЛИЦЯ АКАДЕМІКА ФІЛАТОВА, будинок 1;justin
448;1330271;67801, Одеська обл., Овідіопольський район, селище міського типу Овідіополь, ВУЛИЦЯ ТАРАСА ШЕВЧЕНКА, будинок 228;justin
449;1330272;02166, м.Київ, Деснянський район, ПРОСПЕКТ ЛІСОВИЙ, будинок 39;justin
450;1330282;10025, Житомирська обл., місто Житомир, Корольовський район, ВУЛИЦЯ КОСМОНАВТІВ, будинок 10-А;justin
451;1330285;03065, м.Київ, Солом`янський район, БУЛЬВАР ВАЦЛАВА ГАВЕЛА, будинок 18;justin
452;1330287;03187, м.Київ, Голосіївський район, ПРОСПЕКТ ГЛУШКОВА, будинок 31-А;justin
453;1330288;04079, м.Київ, Подільський р-н., вул.Тираспольська, 54, приміщення 743;justin
454;1330292;54052, Миколаївська обл., місто Миколаїв, Корабельний район, ПРОСПЕКТ КОРАБЕЛІВ, будинок 14;justin
455;1330293;04071, м.Київ, Подільський район, ВУЛИЦЯ ЯРОСЛАВСЬКА, будинок 56-А;justin
456;1330294;08296, Київська обл., Бучанський р-н., смт.Ворзель, вул.Курортна, 60-Д;justin
457;1330296;02005, м.Київ, Дніпровський р-н., вул.Каховська, 62-А;justin
458;1330297;77001, Івано-Франківська обл., Рогатинський район, місто Рогатин, ВУЛИЦЯ ГАЛИЦЬКА, будинок 52;justin
459;1330298;65007, Одеська обл., місто Одеса, Приморський район, ВУЛИЦЯ МАЛА АРНАУТСЬКА, будинок 74;justin
460;1330299;61054, Харківська обл.,   м.Харків, Київський р-н., вул.Академіка Павлова, 165-Г;justin
461;1330304;50005, Дніпропетровська обл., місто Кривий Ріг, Металургійний район, ВУЛИЦЯ ТБІЛІСЬКА, будинок 4;justin
462;1330312;21008, Вінницька обл., місто Вінниця, ВУЛИЦЯ МИКОЛАЇВСЬКА, будинок 2;justin
463;1330316;61000, Харківська обл., місто Харків, Слобідський район, ПРОСПЕКТ ПЕТРА ГРИГОРЕНКА, будинок 25;justin
464;1330317;61054, Харківська обл., місто Харків, Московський район, ВУЛИЦЯ АКАДЕМІКА ПАВЛОВА, будинок 120;justin
465;1330318;04210, м.Київ, Оболонський район, ПРОСПЕКТ ГЕРОЇВ СТАЛІНГРАДА, 12-П;justin
466;1330319;69005, Запорізька обл., місто Запоріжжя, Вознесенівський район, ВУЛИЦЯ ЯЦЕНКА, будинок 2;justin
467;1330320;61007, Харківська обл., м.Харків, Індустріальний р-н.,  проспект Архітектора Альошина, 2;justin
468;1330321;23219, Вінницька обл., Вінницький район, село Вінницьки Хутори, ВУЛИЦЯ ЧЕХОВА, будинок 29-Г;justin
469;1330322;79069, Львівська обл., м.Львів, Шевченківський р-н., вул.Тараса Шевченка, 358-А;justin
470;1330324;41300, Сумська обл., Конотопський р-н., м.Кролевець, вул.Європейська, 16;justin
471;1330326;63701, Харківська обл., м.Куп`янськ, площа Центральна, 23;justin
472;1330327;61064, Харківська обл., місто Харків, Новобаварський район, ВУЛИЦЯ ДУДИНСЬКОЇ, будинок 1-А;justin
473;1330330;02088, м.Київ, Печерський район, БУЛЬВАР ДРУЖБИ НАРОДІВ, будинок 16-А;justin
474;1330331;03040, м.Київ, Голосіївський район, ВУЛИЦЯ ВАСИЛЬКІВСЬКА, будинок 8;justin
475;1330333;14034, Чернігівська обл., місто Чернігів, Деснянський район, ВУЛИЦЯ 1 ТРАВНЯ, будинок 167-А;justin
476;1330336;08132, Київська обл., Києво-Святошинський район, місто Вишневе, ВУЛИЦЯ СВЯТОШИНСЬКА, будинок 28-А;justin
477;1330337;02002, м.Київ, Дніпровський район, ВУЛИЦЯ ЄВГЕНА СВЕРСТЮКА, будинок 4/1;justin
478;1330338;03035, м.Київ, Солом`янський район, ВУЛИЦЯ КУДРЯШОВА, будинок 20;justin
479;1330341;02140, м.Київ, Голосіївський р-н., вулиця Новопирогівська, 58-А;justin
480;1330343;71118, Запорізька обл., м.Бердянськ,  проспект Праці, 33, Г4;justin
481;1330344;01011, м.Київ, Печерський район, ПЛОЩА ПЕЧЕРСЬКА, будинок 1;justin
482;1330346;01001, м.Київ, Шевченківський район, МАЙДАН НЕЗАЛЕЖНОСТІ, ПТП №1, СЕКТОР А;justin
483;1330347;03189, м.Київ, Голосіївський район, ВУЛИЦЯ КОНЄВА МАРШАЛА, будинок 7;justin
484;1330351;61020, Харківська обл., місто Харків, Новобаварський район, ГРИГОРІВСЬКЕ ШОСЕ, будинок 88;justin
485;1330352;46025, Тернопільська обл., м.Тернопіль,  вул.Руська, 23;justin
486;1330353;65110, Одеська обл., смт.Авангард, 10 масив, 206;justin
487;1330355;36000, Полтавська обл., м.Полтава, Київський р-н., вул.Соборності, 29-А;justin
488;1330356;65016, Одеська обл., місто Одеса, Приморський район, ВУЛИЦЯ ФОНТАНСЬКА ДОРОГА, будинок 58/1, приміщення 16;justin
489;1330357;02055, м.Київ, Дарницький р-н., проспект Петра Григоренка, 5-А, приміщення 3-А;justin
490;1330359;46027, Тернопільська обл., місто Тернопіль, ВУЛИЦЯ МАКСИМА КРИВОНОСА, будинок 2-Б;justin
491;1330361;02002, м.Київ, Дніпровський р-н., вул.Микільсько-Слобідська, 2-В;justin
492;1330362;13301, Житомирська обл., місто Бердичів, ВУЛИЦЯ ВІННИЦЬКА, будинок 18;justin
493;1330364;36034, Полтавська обл., місто Полтава, Київський район, ВУЛИЦЯ ПОЛОВКИ, будинок 72;justin
494;1330367;65114, Одеська обл., місто Одеса, Київський р-н., проспект Небесної Сотні будинок 47/3;justin
495;1330368;46020, Тернопільська обл., м.Тернопіль, вул.Євгена Коновальця, 5/185;justin
496;1330369;75500, Херсонська обл., Генічеський район, місто Генічеськ, ВУЛИЦЯ ЦЕНТРАЛЬНА, будинок 58;justin
497;1330373;54001, Миколаївська обл., місто Миколаїв, Центральний район, ВУЛИЦЯ ПОТЬОМКІНСЬКА, будинок 100-А;justin
498;1330378;08134, Київська обл., Києво-Святошинський район, місто Вишневе, ВУЛИЦЯ ПЕРШОТРАВНЕВА, будинок 7;justin
499;1330385;79040, Львівська обл., місто Львів, Шевченківський район, ВУЛИЦЯ ГОРОДОЦЬКА, будинок 355/4;justin
500;1330390;61072, Харківська обл., місто Харків, Шевченківський район, ПРОСПЕКТ НАУКИ, будинок 41/43;justin
501;1330391;61195, Харківська обл., місто Харків, Київський район, ВУЛИЦЯ НАТАЛІЇ УЖВІЙ, будинок 58;justin
502;1330392;61052, Харківська обл., місто Харків, Холодногірський район, ВУЛИЦЯ КОЦАРСЬКА, будинок 43;justin
503;1330395;02222, м.Київ, Деснянський район, ПРОСПЕКТ ВОЛОДИМИРА МАЯКОВСЬКОГО, будинок 47;justin
504;1330396;79068, Львівська обл., м. Львів, Шевченківський р-н., вул.Гетьмана Мазепи,1-Б;justin
505;1330398;33014, Рівненська обл., м. Рівне, вул. Степана Бандери, 57;justin
506;1330401;04078, м. Київ, Подільський р-н., вул. Сергія Данченка, 30;justin
507;1330402;18021, Черкаська обл., м. Черкаси, Придніпровський р-н., вулиця Гагаріна, будинок 73;justin
508;1330405;54055, Миколаївська обл., м. Миколаїв, Центральний р-н., проспект Центральний, 159;justin
509;1330406;61024, Харківська обл., місто Харків, Київський район, ВУЛИЦЯ ЯРОСЛАВА МУДРОГО , будинок 38;justin
510;1330407;61001 Харківська обл., м.Харків, Основ`янський р-н., проспект Гагаріна, 24;justin
511;1330408;84100, Донецька  обл., місто Слов`янськ, ВУЛИЦЯ Вокзальна, будинок 10;justin
512;1330413;61108, Харківська обл., м.Харків, Київський р-н., вул. Академіка Вальтера, 10;justin
513;1330415;61099 Харківська обл., м.Харків, Немишлянський р-н., проспект Московський, 256;justin
514;1330416;49045, Дніпропетровська обл., м.Дніпро, Соборний р-н., проспект Гагаріна, 40;justin
515;1330422;65044, Одеська обл., м. Одеса, Приморський р-н., проспект Шевченка, 4-Е;justin
516;1330423;21018, Вінницька обл., м. Вінниця, вул. Зодчих, 2;justin
517;1330426;69032, Запорізька обл., м.Запоріжжя, Дніпровський р-н.,проспект Металургів 17-А;justin
518;1330432;54040, Миколаївська обл., м. Миколаїв, Заводський район, ВУЛИЦЯ КРИЛОВА, будинок 13;justin
519;1330434;68001, Одеська обл., м. Чорноморськ, ПРОСПЕКТ МИРУ, будинок 10/41;justin
520;1330437;02121, м.Київ, Дарницький р-н., ВУЛИЦЯ АРХІТЕКТОРА ВЕРБИЦЬКОГО, 18;justin
521;1330439;02095, м.Київ, Дарницький р-н., ВУЛИЦЯ СРІБНОКІЛЬСЬКА, 14-А;justin
522;1330440;02081, м.Київ, Дарницький р-н., ВУЛИЦЯ ЗДОЛБУНІВСЬКА, 17;justin
523;1330442;08141, Київська обл, Бучанський р-н, с.Святопетрівське, бульвар Тараса Шевченка, 6-А;justin
524;1330443;25031, Кіровоградська обл., м.Кропивницький, Фортечний р-н.,  вул.Академіка Тамма , 4-Б;justin
525;1330449;25014, Кіровоградська обл., місто Кропивницький, Фортечний район, ВУЛИЦЯ ДЖЕРЕЛЬНА , будинок 88;justin
526;1330450;29018, Хмельницька обл., місто Хмельницький, ВУЛИЦЯ ПІЛОТСЬКА, будинок 77/3-Д;justin
527;1330452;08292, Київська обл., м.Буча, провулок Олекси Тихого, 3/49;justin
528;1330455;02175, м.Київ, Дарницький р-н.,  шосе Харківське, 150/15, приміщення 5;justin
529;1330456;03087, м.Київ, Солом`янський р-н., ВУЛИЦЯ УШИНСЬКОГО, 3;justin
530;1330458;23100, Вінницька обл., м.Жмеринка, ВУЛИЦЯ ПУШКІНА, 9;justin
531;1330463;67806, Одеська обл, Овідіопольський р-н, смт.Авангард, вул.Базова, 11;justin
532;1330464;82200, Львівська обл., Дрогобицький р-н., м.Трускавець,  вул.Стебницька 58, приміщення 16;justin
533;1330465;65111, Одеська обл., м.Одеса, Суворовський р-н.,  проспект Добровольського , 151/1;justin
534;1330468;76014, Івано-Франківська обл., м. Івано-Франківськ, ВУЛИЦЯ Івана Левинського, 3-А;justin
535;1330469;14000, Чернігівська обл., м.Чернігів, Деснянський р-н.,  проспект Перемоги, 93;justin
536;1330471;03048, м.Київ, Солом`янський р-н., ВУЛИЦЯ ІВАНА ПУЛЮЯ, 5-А;justin
537;1330474;76018, Івано-Франківська обл., м.Івано-Франківськ,  вул.Бельведерська, 2/Галицька, 1;justin
538;1330475;72312, Запорізька обл., м.Мелітополь, ВУЛИЦЯ ІНТЕРКУЛЬТУРНА, 36;justin
539;1330483;03142, м.Київ, Святошинський район, ПРОСПЕКТ АКАДЕМІКА ПАЛЛАДІНА, будинок 16;justin
540;1330487;73000, Херсонська обл., місто Херсон, Суворовський район, ВУЛИЦЯ ЗАЛІЗНИЧНА, будинок 3;justin
541;1330488;43005, Волинська обл., місто Луцьк, ВУЛИЦЯ ПРИВОКЗАЛЬНА , будинок 10;justin
542;1330490;54028, Миколаївська обл., місто Миколаїв, Інгульський район, ВУЛИЦЯ КОСМОНАВТІВ, будинок 81/24;justin
543;1330492;79018, Львівська обл., м.Львів, Франківський р-н., вул.Городоцька, 139/2С;justin
544;1330493;42703, Сумська обл., місто Охтирка, ВУЛИЦЯ НЕЗАЛЕЖНОСТІ , будинок 19;justin
545;1330494;82300, Львівська обл., місто Борислав, ВУЛИЦЯ ДРОГОБИЦЬКА, будинок 7;justin
546;1330500;39626, Полтавська обл., м.Кременчук, Автозаводський р-н., вул.Тупик 1-й Піщаний, 1;justin
547;1330501;45008, Волинська обл., м.Ковель, вул.Тараса Шевченка,  1-А;justin
548;1330502;02090, м.Київ, Дарницький р-н.,  шосе Харківське, 19;justin
549;1330503;02088, м.Київ, Дарницький район, ВУЛИЦЯ КИРИЛА ОСЬМАКА, будинок 1-Б;justin
550;1330505;65122, Одеська обл., місто Одеса, Київський район, ВУЛИЦЯ ІЛЬФА І ПЕТРОВА, будинок 51;justin
551;1330510;13312, Житомирська обл., м.Бердичів, вул.Миру, 4;justin
552;1330511;65025, Одеська обл., Лиманський район, село Крижанівка, ВУЛИЦЯ БОЧАРОВА, будинок 50;justin
553;1330512;65031, Одеська обл., м.Одеса, Малиновський р-н., вул.Грушевського, 41;justin
554;1330515;04074, м.Київ, Подільський район, ВУЛИЦЯ ВИШГОРОДСЬКА, будинок 21;justin
555;1330517;03164, м.Київ, Святошинський р-н., вул.Клавдіївська, 40-Г, приміщення 207;justin
556;1330521;03148, м.Київ, Святошинський район, ВУЛИЦЯ ГНАТА ЮРИ, будинок 20;justin
557;1330532;28008, Кіровоградська обл., місто Олександрія, ВУЛИЦЯ СОФІЇВСЬКА, будинок 34;justin
558;1330534;82100, Львівська обл., місто Дрогобич, ВУЛИЦЯ ЛЕСІ УКРАЇНКИ, будинок 14;justin
559;1330535;51400, Дніпропетровська обл., м.Павлоград, вул.Центральна, 21/1;justin
560;1330542;28500, Кіровоградська обл., Кропивницький р-н., м.Долинська, вул.Чкалова, 126;justin
561;1330545;02094, м.Київ, Деснянський район, ВУЛИЦЯ Біломорська, будинок 1;justin
562;1330546;08205, Київська обл., місто Ірпінь, ВУЛИЦЯ СЛОВ`ЯНСЬКА, будинок 35;justin
563;1330549;20301, Черкаська обл., місто Умань, ВУЛИЦЯ ГАЙДАМАЦЬКА, будинок 14;justin
564;1330554;04080, м.Київ, Подільський район, ВУЛИЦЯ КОСТЯНТИНІВСЬКА, будинок 71;justin
565;1330555;68003, Одеська обл., місто Чорноморськ, ПРОСПЕКТ МИРУ, будинок 28-Б/3;justin
566;1330559;61045, Харківська обл., місто Харків, Шевченківський район, ВУЛИЦЯ ЯРОША ОТАКАРА, будинок 17;justin
567;1330560;36014, Полтавська обл., місто Полтава, Київський район, ВУЛИЦЯ СОБОРНОСТІ, будинок 50;justin
568;1330564;84122, Донецька обл., місто Слов`янськ, ВУЛИЦЯ СВОБОДИ, будинок 39;justin
569;1330568;56501, Миколаївська обл., місто Вознесенськ, ВУЛИЦЯ КИЇВСЬКА , будинок 11;justin
570;1330569;72319, Запорізька обл., місто Мелітополь, ВУЛИЦЯ ГЕРОЇВ УКРАЇНИ, будинок 47;justin
571;1330575;43026, Волинська обл., місто Луцьк, ПРОСПЕКТ СОБОРНОСТІ, будинок 26;justin
572;1330578;80103, Львівська обл., м.Червоноград, вул.Паркова, 2, приміщення 3;justin
573;1330580;32305, Хмельницька обл., місто Кам`янець-Подільський, Хмельницьке шосе, 34;justin
574;1330583;65125, Одеська обл., м.Одеса, Київський р-н., вул.Гранітна 2, приміщення 13-Н;justin
575;1330584;53401, Дніпропетровська обл., Нікопольський р-н., м.Марганець,  вул.Привокзальна, 1;justin
576;1330585;43020, Волинська обл., місто Луцьк, ПРОСПЕКТ ВІДРОДЖЕННЯ, будинок 16;justin
577;1330586;22700, Вінницька обл., Іллінецький р-н., м.Іллінці, вул.Європейська, 12-А;justin
578;1330588;03134, м.Київ, Святошинський район, ВУЛИЦЯ ПШЕНИЧНА, будинок 2;justin
579;1330589;10020, Житомирська обл., м.Житомир, Богунський р-н., проспект Незалежності, 13;justin
580;1330590;22800, Вінницька обл., Немирівський р-н., м.Немирів, вул.Горького, 60;justin
581;1330591;78203, Івано-Франківська обл.,  місто Коломия, ВУЛИЦЯ Степана Бандери, будинок 15;justin
582;1330592;64309, Харківська обл., Ізюмський р-н., м.Ізюм,  площа Джона Леннона, 7/19;justin
583;1330593;58015, Чернівецька обл.,  м.Чернівці, вул.Калинівська, 13-В;justin
584;1330594;24001, Вінницька обл., місто Могилів-Подільський, ВУЛИЦЯ Пушкінська, будинок 154;justin
585;1330595;67805, Одеська обл, Овідіопольський р-н., смт.Авангард, вул.Базова, 17/30;justin
586;1330596;27400, Кіровоградська обл., Кропивницький р-н., м.Знам`янка, вул.Михайла Грушевського, 10-А;justin
587;1330598;07820, Київська обл, Бучанський р-н., смт.Пісківка, вул.Філіпова, 1;justin
588;1330599;80300, Львівська обл., Львівський р-н., м.Жовква, площа Коновальця, 3-А/1;justin
589;1330600;85700, Донецька обл.,  м.Волноваха, вул.Центральна, 53;justin
590;1330601;68803, Одеська обл., Ізмаїльський р-н.,  м.Рені, вул.Вознесенська, 169-Б;justin
591;1330603;60000, Чернівецька обл.,  Дністровський р-н., м.Хотин, вул.Олімпійська, 68;justin
592;1330604;08292, Київська обл., м.Буча, вул.Нове Шосе 8-А, приміщення 117;justin
593;1330605;08297, Київська обл.,  м.Буча, вул.Депутатська, 1-Г;justin
594;1330606;08205, Київська обл., Бучанський р-н.,  м.Ірпінь, вул.Антонова Авіаконструктора, 10-Б;justin
595;1330607;50047, Дніпропетровська обл., м.Кривий Ріг, Тернівський р-н., вул.Колачевського, 50;justin
596;1330608;09106, Київська обл., м.Біла Церква,  вул.Таращанська, 191-А, приміщення №4, літера Ж;justin
597;1330609;25006, Кіровоградська обл., м.Кропивницький, Подільський р-н., вул.Велика Пермська,  74, літера Г;justin
598;1330610;40024, Сумська обл., м.Суми, Ковпаківський р-н., вул.Юрія Вєтрова, 20;justin
599;1330612;02081, м.Київ, Дарницький р-н., вул.Урлівська, 11/44;justin
600;1330613;25001, Кіровоградська обл., м.Кропивницький, Фортечний р-н., вул.Соборна, 22-Б;justin
601;1330614;08205, Київська обл., Бучанський р-н., м.Ірпінь,  вул.Університетська, 2Ф/2, приміщення 98;justin
602;1330615;10030, Житомирська обл.,  м.Житомир, Богунський р-н., вул.Небесної Сотні, 26;justin
603;1330616;51931, Дніпропетровська обл.,  м.Кам`янське, Заводський р-н., проспект Свободи 53, приміщення 58;justin
604;1330617;51938, Дніпропетровська обл., м.Кам`янське, Південний р-н., проспект Свободи, 67;justin
605;1330619;08205, Київська обл., Бучанський р-н., м.Ірпінь,  вул.Центральна, 6-В;justin
606;1330620;58013 Чернівецька обл. м. Чернівці вул. Комарова 30-Б;justin
607;1330621;81500 Львівська обл. Львівський p-н. м. Городок вул. Стуса 1-Б;justin
608;1330624;08172, Київська обл., Обухівський р-н., с.Лісники,  вул.Ватутіна, 170;justin
609;1330625;19003, Черкаська обл., Черкаський р-н., м.Канів, вул.Енергетиків, 12-А;justin
610;1330628;11701, Житомирська обл., м.Новоград-Волинський,  вул.Шевченка, 10;justin
611;1330631;08150, Київська обл., Фастівський р-н., м.Боярка, вул.Хрещатик, 2-Б;justin
612;1700001;02090, м.Київ, Дніпровський район, ВУЛИЦЯ ГРОДНЕНСЬКА, будинок 32;sat
613;1700002;49011, Дніпропетровська обл., м.Дніпро, Чечелівський р-н., вул.Орловська, 21-К;sat
614;1700003;79040, Львівська обл., місто Львів, Залізничний район, ВУЛИЦЯ КОНЮШИННА, будинок 21;sat
615;1700004;65031, Одеська обл., місто Одеса, Суворовський район, ВУЛИЦЯ ХУТОРСЬКА, будинок 101-В;sat
616;1700005;61058 Харківська обл. м. Харків Шевченківський p-н. провулок Іванівський 5, літера Д-1;sat
617;1700006;21034, Вінницька обл., місто Вінниця, ВУЛИЦЯ ОЛЕГА АНТОНОВА, 19-А;sat
618;1700007;69035, Запорізька обл., місто Запоріжжя, Вознесенівський район, ВУЛИЦЯ БРЯНСЬКА, будинок 15;sat
619;1700008;04080, м.Київ, Оболонський район, ВУЛИЦЯ КОРАБЕЛЬНА, будинок 6;sat
620;1700009;79035, Львівська обл., місто Львів, Личаківський район, ВУЛИЦЯ ЗЕЛЕНА, будинок 115-А;sat
621;1700010;33018, Рівненська обл., місто Рівне, ВУЛИЦЯ КУРЧАТОВА, будинок 18-В;sat
622;1700011;76018, Івано-Франківська обл., місто Івано-Франківськ, ВУЛИЦЯ НЕЗАЛЕЖНОСТІ, будинок 126-Б;sat
623;1700012;87537, Донецька обл., м.Маріуполь, Центральний р-н., вул.Купріна, 10;sat
624;1700013;36034, Полтавська обл., місто Полтава, Київський район, ВУЛИЦЯ ПОЛОВКА, будинок 72;sat
625;1700014;29015, Хмельницька обл., місто Хмельницький, ВУЛИЦЯ ВІННИЦЬКЕ ШОСЕ, будинок 1/1;sat
626;1700015;14037, Чернігівська обл., місто Чернігів, Новозаводський район, ВУЛИЦЯ ІНСТРУМЕНТАЛЬНА, будинок 8;sat
627;1700016;50086, Дніпропетровська обл., місто Кривий Ріг, Саксаганський район, ВУЛИЦЯ ЯРОСЛАВА МУДРОГО, будинок 83-Б;sat
628;1700017;25006, Кіровоградська обл., місто Кропивницький, Подільський район, ВУЛИЦЯ ЧЕРНОВОЛА, будинок 2-В;sat
629;1700018;43020, Волинська обл., місто Луцьк, ВУЛИЦЯ ЗВ`ЯЗКІВЦІВ, будинок 1-А;sat
630;1700019;46400, Тернопільська обл., місто Тернопіль, ВУЛИЦЯ ЛУК`ЯНОВИЧА, будинок 1;sat
631;1700020;58008, Чернівецька обл., місто Чернівці, ВУЛИЦЯ СЕВАСТОПОЛЬСЬКА, будинок 18-А;sat
632;1700021;84313, Донецька обл., місто Краматорськ, ВУЛИЦЯ ОЛЕКСИ ТИХОГО, будинок 8;sat
633;1700022;88001, Закарпатська обл., місто Ужгород, ВУЛИЦЯ ОЛЕКСАНДРА БЛИСТІВА, будинок 1;sat
634;1700023;73009, Херсонська обл., м.Херсон, Корабельний р-н., вул.Нафтовиків, 15;sat
635;1700024;18029, Черкаська обл., місто Черкаси, Соснівський район, ВУЛИЦЯ 30 РОКІВ ПЕРЕМОГИ, будинок 5/1;sat
636;1700025;71101, Запорізька обл., місто Бердянськ, ВУЛИЦЯ ЯРОСЛАВА МУДРОГО, будинок 1;sat
637;1700027;10031, Житомирська обл., місто Житомир, Богунський район, ВУЛИЦЯ ТАРАСА БУЛЬБИ-БОРОВЦЯ, будинок 30;sat
638;1700028;32316, Хмельницька обл., місто Кам`янець-Подільський, ВУЛИЦЯ ПІВНІЧНА, будинок 81-Г;sat
639;1700029;51925, Дніпропетровська обл., місто Кам’янське, Заводський район, ПРОСПЕКТ ГІМНАЗИЧНИЙ, будинок 44;sat
640;1700030;39601, Полтавська обл., місто Кременчук, Автозаводський район, ВУЛИЦЯ 1-ИЙ ПІЩАНИЙ ТУПІК, будинок 1;sat
641;1700031;72305, Запорізька обл., місто Мелітополь, ВУЛИЦЯ ЛОМОНОСОВА, будинок 23;sat
642;1700032;54020, Миколаївська обл., м.Миколаїв, Заводський р-н., вул.Мала Морська, 112;sat
643;1700033;89601, Закарпатська обл., місто Мукачево, ВУЛИЦЯ БЕРЕГІВСЬКА, будинок 110;sat
644;1700034;53213, Дніпропетровська обл., місто Нікополь, ВУЛИЦЯ ШУЛЬГІНА, будинок 10/1;sat
645;1700035;28006, Кіровоградська обл., місто Олександрія, КІРОВОГРАДСЬКЕ ШОСЕ, будинок 157;sat
646;1700036;93405, Луганська обл., місто Сєвєродонецьк, ВУЛИЦЯ ПИВОВАРОВА, будинок 4;sat
647;1700037;40020, Сумська обл., місто Суми, Ковпаківський район, ПРОСПЕКТ Курський, будинок 26;sat
648;1700038;20304, Черкаська обл., місто Умань, ВУЛИЦЯ МАКСИМА ЗАЛІЗНЯКА, будинок 6-Г;sat
649;1700039;84511, Донецька обл., місто Бахмут, ВУЛИЦЯ СИБІРЦЕВА, будинок 2;sat
650;1700040;09109, Київська обл., місто Біла Церква, СКВИРСЬКЕ ШОСЕ, будинок 178;sat
651;1700041;49107, Дніпропетровська обл., місто Дніпро, Соборний район, ВУЛИЦЯ ГЕНЕРАЛА ПУШКІНА, будинок 1-С;sat
652;1700042;45008, Волинська обл., місто Ковель, ВУЛИЦЯ БРЕСТСЬКА, будинок 113-В;sat
653;1700043;25014, Кіровоградська обл., місто Кропивницький, Фортечний район, ПРОСПЕКТ ІНЖЕНЕРІВ, будинок 10;sat
654;1700044;74900, Херсонська обл., місто Нова Каховка, ВУЛИЦЯ ЗАВОДСЬКА, будинок 2-Р;sat
655;1700046;84122, Донецька обл., місто Слов`янськ, ВУЛИЦЯ ЦЕНТРАЛЬНА, будинок 63;sat
656;1700047;62416, Харківська обл., Харківський район, селище міського типу Пісочин, ПЛОЩА ЮРІЯ КОНОНЕНКА, будинок 1, МІСЦЕ 15.4 РЯД Т, ТЦ ЛОСК;sat
657;1700049;03083, м.Київ, Голосіївський район, ВУЛИЦЯ ПИРОГІВСЬКИЙ ШЛЯХ, будинок 34;sat
658;1700050;17501, Чернігівська обл., місто Прилуки, ВУЛИЦЯ ВОКЗАЛЬНА, будинок 50;sat
659;1700051;03134, м.Київ, Святошинський район, ВУЛИЦЯ ЯКУТСЬКА, будинок 8;sat
660;1700053;51404, Дніпропетровська обл., місто Павлоград, ВУЛИЦЯ Дніпровська, будинок 49;sat
661;1700054;51200, Дніпропетровська обл., місто Новомосковськ, ВУЛИЦЯ СУЧКОВА, будинок 66;sat
662;1700056;08132, Київська обл., Києво-Святошинський район, місто Вишневе, ВУЛИЦЯ КИЇВСЬКА, будинок 23;sat
663;1700057;61099, Харківська обл., м.Харків, Немишлянський р-н., бульвар Богдана Хмельницького, 8;sat
664;1700060;21029, Вінницька обл., м.Вінниця, вул.Львівське шосе, 2;sat
665;1700061;49051, Дніпропетровська обл., м.Дніпро, Індустріальний р-н., вул.Калинова, 8;sat
666;1700064;49130, Дніпропетровська обл., м.Дніпро, Індустріальний р-н., вул.Генерала Захарченка, 1;sat
667;1700067;92700, Луганська обл., Старобільський р-н., м.Старобільськ, площа Товарна, 24-Б;sat
668;1700068;10002, Житомирська обл., м.Житомир, Корольовський р-н., вул.Вінницька, 23;sat
669;1700069;46023, Тернопільська обл. м.Тернопіль, вул.15 Квітня, корпус 12;sat
670;1700070;08601, Київська обл., Обухівський р-н., м.Васильків, вул.Чехова, 3-А;sat
671;1700071;81105, Львівська обл., Львівський р-н., с.Наварія, вул.Львівська, 129;sat
672;1700072;79034, Львівська обл., м.Львів, Сихівський р-н., вул.Панаса Мирного, 24;sat
673;1700073;58000, Чернівецька обл., м.Чернівці, вул.Маланчука Олександра, 36-Б;sat
674;1890001;49000, Дніпропетровська обл., місто Дніпро, Шевченківський район, ВУЛИЦЯ ГЛИНКИ, будинок 2;allo
675;1890002;49000, Дніпропетровська обл., місто Дніпро, Шевченківський район, ПРОСПЕКТ ДМИТРА ЯВОРНИЦЬКОГО, будинок 52-А;allo
676;1890003;04076, м.Київ, Оболонський р-н, проспект Степана Бандери, 23;allo
677;1890004;49055, Дніпропетровська обл., м.Дніпро, Чечелівський р-н, вул.Титова, 36;allo
678;1890008;69019, Запорізька обл., м.Запоріжжя, Дніпровський р-н., проспект Соборний, 218;allo
679;1890013;01133, м.Київ, Печерський р-н., бульвар Лесі Українки, 24;allo
680;1890014;01001, м.Київ, Шевченківський р-н., вул.Хрещатик, 21, приміщення 125-125-А;allo
681;1890015;49005, Дніпропетровська обл., м.Дніпро, Соборний р-н., проспект Гагаріна, 8-А;allo
682;1890020;51939, Дніпропетровська обл., м.Кам`янське, Дніпровський р-н., бульвар Будівельників, 27-А;allo
683;1890051;49100, Дніпропетровська обл., м.Дніпро, Соборний р-н,  проспект Героїв, 3;allo
684;1890052;49107, Дніпропетровська обл., м.Дніпро, Шевченківський р-н, бульвар Зоряний, 1-А;allo
685;1890055;49051, Дніпропетровська обл., м.Дніпро, Індустріальний р-н, вул.Калинова, 9-А;allo
686;1890057;49010, Дніпропетровська обл., м.Дніпро, Соборний р-н, вул.Кюрі Марії, 5;allo
687;1890058;69002, Запорізька обл., м.Запоріжжя, Олександрівський р-н,  проспект Соборний, 83-85/ вул.Поштова, 88-90, 90-А;allo
688;1890059;04208, м.Київ, Подільський р-н, проспект Правди, 47;allo
689;1890061;02121, м.Київ, Дарницький р-н., проспект Миколи Бажана, 3-В;allo
690;1890062;02222, м.Київ, Деснянський р-н., проспект Маяковського, 43/2;allo
691;1890063;03057, м.Київ, Солом`янський р-н., проспект Перемоги, 47-А, приміщення №2;allo
692;1890064;03150, м.Київ, Голосіївський р-н., вул.Велика Васильківська, 72;allo
693;1890066;02100, м.Київ, Дніпровський р-н., вул.Будівельників, 40;allo
694;1890069;69019, Запорізька обл., м.Запоріжжя, Вознесенівський р-н, проспект Соборний, 147;allo
695;1890070;61165, Харківська обл., м.Харків, Шевченківський р-н, проспект Науки,  17;allo
696;1890074;02222, м.Київ, Деснянський р-н, вул.Миколи Лаврухіна, 4;allo
697;1890075;02094, м.Київ, Деснянський р-н,  вул.Гната Хоткевича, 1-В;allo
698;1890078;49055, Дніпропетровська обл., м.Дніпро, Чечелівський р-н, вул.Титова, 11;allo
699;1890079;49038, Дніпропетровська обл., м.Дніпро, Центральний р-н, проспект Дмитра Яворницького, 117;allo
700;1890080;69035, Запорізька обл., м.Запоріжжя, Вознесенівський р-н, вул.Сталеварів, 9-А;allo
701;1890081;69071, Запорізька обл., м.Запоріжжя, Шевченківський р-н, вул.Чарівна, 129-Б;allo
702;1890082;02192, м.Київ, Дніпровський р-н, вул.Малишка Андрія, 3-Д;allo
703;1890083;02152, м.Київ, Дніпровський р-н, вул.Серафимовича, 11;allo
704;1890086;07406, Київська обл., м.Бровари, бульвар Незалежності, 11;allo
705;1890088;02091, м.Київ,  Дарницький р-н., вул.Архітектора Вербицького, 1;allo
706;1890094;02094, м.Київ, Деснянський р-н., вул.Магнітогорська, 1-А;allo
707;1890097;08129, Київська обл., Києво-Святошинський р-н., с.Петропавлівська Борщагівка, вул.Велика Кільцева, 4-Ф;allo
708;1890098;04208, м.Київ, Подільський р-н.,  проспект Правди, 58-А;allo
709;1890100;51933, Дніпропетровська обл., м.Кам`янське, Заводський р-н., проспект Свободи, 51;allo
710;1890102;08205, Київська обл., м.Ірпінь, вул.Центральна, 29;allo
711;1890110;49000, Дніпропетровська обл., м.Дніпро, Шевченківський р-н.,  проспект Богдана Хмельницького, 118-Д;allo
712;1890118;52005, Дніпропетровська обл., Дніпровський р-н.,  територія Слобожанської селищної ради, комплекс будівель та споруд № 17, перший пусковий комплекс;allo
713;1890136;69000, Запорізька обл., м.Запоріжжя, Олександрівський р-н., проспект Соборний, 42, літ. А5, А1, А2;allo
714;1890138;02105, м.Київ, Дніпровський р-н., проспект Соборності, 2/1-А;allo
715;1890151;49038, Дніпропетровська обл., м.Дніпро, Центральний р-н.,  площа Вокзальна, 13;allo
716;1890152;69104, Запорізька обл., м.Запоріжжя, Комунарський р-н.,  вул.Північнокільцева, 10-А;allo
717;1890154;03151, м.Київ, Солом`янський р-н., проспект Повітрофлотський, 50/2;allo
718;1890156;69002, Запорізька обл., м.Запоріжжя, Олександрівський р-н., вул.Запорізька, 1-Б;allo
719;1890157;49000, Дніпропетровська обл., м.Дніпро, Самарський р-н.,  вул.20-річчя Перемоги, 22-В;allo
720;1890159;08302, Київська обл., м.Бориспіль, вул.Київський шлях, 2/6;allo
721;1890209;42001, м.Київ, Шевченківський р-н., вул.Юрія Іллєнка, 1–Ц;allo
722;1890214;49018, Дніпропетровська обл, м.Дніпро, Новокодацький р-н.,  вул.Юрія Кондратюка, 2;allo
723;2030001;04074, м.Київ, Оболонський р-н, вул.Лугова, 20;denka
